equipment,dataset_folder,available,files_found,files_readable,files_unreadable,sheet_title_in_source,data_rows,unique_timestamps,first_timestamp,last_timestamp,months_in_study_window,months_missing,monthly_coverage_pct,parameter_columns,process_families_present,notes
Kiln-I,01.Process Log Sheet for Kiln-I,Yes,6,5.0,"[""01.Process Log Sheet for Kiln-I (Sep).xlsx""]",[],216835.0,216832.0,2025-04-01,2025-08-31 23:59:00,"[""2025-04"", ""2025-05"", ""2025-06"", ""2025-07"", ""2025-08"", ""2025-09""]","[""2025-09""]","{""2025-04"": 100.0, ""2025-05"": 93.55, ""2025-06"": 98.73, ""2025-07"": 100.0, ""2025-08"": 99.87, ""2025-09"": 0.0}",31.0,"{""COMBUSTION"": 8, ""DRAFT / ID FAN"": 6, ""KILN"": 5, ""FUEL"": 4, ""PRODUCTION"": 3, ""EFFICIENCY"": 3, ""ALTERNATIVE FUEL"": 2}",
Kiln-IA,02.Process Log Sheet for Kiln-IA,Yes,6,6.0,[],"[""Kiln Page-1A""]",263460.0,263460.0,2025-04-01,2025-09-30 23:59:00,"[""2025-04"", ""2025-05"", ""2025-06"", ""2025-07"", ""2025-08"", ""2025-09""]",[],"{""2025-04"": 100.0, ""2025-05"": 100.0, ""2025-06"": 100.0, ""2025-07"": 100.0, ""2025-08"": 99.87, ""2025-09"": 100.0}",21.0,"{""OTHER"": 12, ""CALCINER"": 6, ""KILN"": 2, ""DRAFT / ID FAN"": 1}",
Kiln-II,03.Process Log Sheet for Kiln-II,Yes,6,6.0,[],"[""KILN PAGE-2""]",263461.0,263460.0,2025-04-01,2025-09-30 23:59:00,"[""2025-04"", ""2025-05"", ""2025-06"", ""2025-07"", ""2025-08"", ""2025-09""]",[],"{""2025-04"": 100.0, ""2025-05"": 100.0, ""2025-06"": 100.0, ""2025-07"": 100.0, ""2025-08"": 99.87, ""2025-09"": 100.0}",21.0,"{""PREHEATER"": 10, ""DRAFT / ID FAN"": 10, ""KILN"": 1}",
Kiln-III,04.Process Log Sheet for Kiln-III,Yes,6,6.0,[],"[""KILN PAGE-3""]",263460.0,263460.0,2025-04-01,2025-09-30 23:59:00,"[""2025-04"", ""2025-05"", ""2025-06"", ""2025-07"", ""2025-08"", ""2025-09""]",[],"{""2025-04"": 100.0, ""2025-05"": 100.0, ""2025-06"": 100.0, ""2025-07"": 100.0, ""2025-08"": 99.87, ""2025-09"": 100.0}",21.0,"{""COOLER"": 20, ""KILN"": 1}",
Kiln-IIIA,05.Process Log Sheet for Kiln-IIIA,Yes,6,6.0,[],"[""KILN PAGE-3A""]",263873.0,219232.0,2025-05-01,2025-09-30 23:59:00,"[""2025-04"", ""2025-05"", ""2025-06"", ""2025-07"", ""2025-08"", ""2025-09""]","[""2025-04""]","{""2025-04"": 0.0, ""2025-05"": 100.0, ""2025-06"": 100.0, ""2025-07"": 100.0, ""2025-08"": 97.56, ""2025-09"": 100.0}",23.0,"{""OTHER"": 11, ""COOLER"": 7, ""EFFICIENCY"": 3, ""KILN"": 1, ""PRODUCTION"": 1}",
Kiln-IIIB,06.Process Log Sheet for Kiln-IIIB,Yes,6,6.0,[],"[""KILN PAGE-3B""]",264809.0,263460.0,2025-04-01,2025-09-30 23:59:00,"[""2025-04"", ""2025-05"", ""2025-06"", ""2025-07"", ""2025-08"", ""2025-09""]",[],"{""2025-04"": 100.0, ""2025-05"": 100.0, ""2025-06"": 100.0, ""2025-07"": 100.0, ""2025-08"": 99.87, ""2025-09"": 100.0}",21.0,"{""COOLER"": 20, ""KILN"": 1}",
CBS-I,08.Process Log Sheet for CBS-I,Yes,6,6.0,[],[],263456.0,263456.0,2025-04-01,2025-09-30 23:59:00,"[""2025-04"", ""2025-05"", ""2025-06"", ""2025-07"", ""2025-08"", ""2025-09""]",[],"{""2025-04"": 100.0, ""2025-05"": 99.99, ""2025-06"": 100.0, ""2025-07"": 100.0, ""2025-08"": 99.87, ""2025-09"": 100.0}",27.0,"{""OTHER"": 26, ""KILN"": 1}",
CBS-II,09.Process Log Sheet for CBS-II,Yes,6,6.0,[],[],252041.0,249300.0,2025-04-01,2025-09-30 23:59:00,"[""2025-04"", ""2025-05"", ""2025-06"", ""2025-07"", ""2025-08"", ""2025-09""]",[],"{""2025-04"": 100.0, ""2025-05"": 100.0, ""2025-06"": 67.22, ""2025-07"": 100.0, ""2025-08"": 99.87, ""2025-09"": 100.0}",17.0,"{""OTHER"": 16, ""KILN"": 1}",
CBS-Calculation,10.Process Log Sheet for CBS-Calculation,Yes,6,6.0,[],[],262060.0,262020.0,2025-04-01,2025-09-30 23:59:00,"[""2025-04"", ""2025-05"", ""2025-06"", ""2025-07"", ""2025-08"", ""2025-09""]",[],"{""2025-04"": 100.0, ""2025-05"": 100.0, ""2025-06"": 100.0, ""2025-07"": 96.77, ""2025-08"": 99.87, ""2025-09"": 100.0}",8.0,"{""COMBUSTION"": 6, ""OTHER"": 2}",
IKN Cooler-I,11.Process Log Sheet for IKN Cooler-I,Yes,6,6.0,[],[],262021.0,262020.0,2025-04-01,2025-09-30 23:59:00,"[""2025-04"", ""2025-05"", ""2025-06"", ""2025-07"", ""2025-08"", ""2025-09""]",[],"{""2025-04"": 100.0, ""2025-05"": 96.77, ""2025-06"": 100.0, ""2025-07"": 100.0, ""2025-08"": 99.87, ""2025-09"": 100.0}",13.0,"{""COOLER"": 12, ""KILN"": 1}",
(folder index 07),NOT FOUND,No,0,,,,,,,,,,,,,Folder numbering has a gap; whether a dataset was intended here is NOT DETERMINABLE FROM SOURCE
