relative_path,absolute_path,equipment_from_folder,month_label_in_filename,months_present_in_data,first_timestamp,last_timestamp,data_rows,header_rows,unit_row,data_start_row,process_sheet,file_size_bytes,sha256,status,notes
01.Process Log Sheet for Kiln-I/01.Process Log Sheet for Kiln-I (Aug).xlsx,/home/admin1/POPOS-DATA/Codebases/Dalmia/Dalmia/Dalmia/AI Automation(Kiln)/01.Process Log Sheet for Kiln-I/01.Process Log Sheet for Kiln-I (Aug).xlsx,Kiln-I,Aug,"[""2025-08""]",2025-08-01,2025-08-31 23:59:00,44583,"[1, 2, 3]",3,4,01.Process Log Sheet for Kiln-I,5720016,33caa8867fe1473678f1acfae8b297aec046eef703a71a7ecd373f1a421ec950,USE,
01.Process Log Sheet for Kiln-I/01.Process Log Sheet for Kiln-I (July).xlsx,/home/admin1/POPOS-DATA/Codebases/Dalmia/Dalmia/Dalmia/AI Automation(Kiln)/01.Process Log Sheet for Kiln-I/01.Process Log Sheet for Kiln-I (July).xlsx,Kiln-I,July,"[""2025-07""]",2025-07-01,2025-07-31 23:59:00,44640,"[1, 2, 3]",3,4,01.Process Log Sheet for Kiln-I,6627349,9b316de7f0f2bcea74bba958c5da3967eacb8dae1c74ac7bfa1b48f95a1353ab,USE,
01.Process Log Sheet for Kiln-I/01.Process Log Sheet for Kiln-I (June).xlsx,/home/admin1/POPOS-DATA/Codebases/Dalmia/Dalmia/Dalmia/AI Automation(Kiln)/01.Process Log Sheet for Kiln-I/01.Process Log Sheet for Kiln-I (June).xlsx,Kiln-I,June,"[""2025-06""]",2025-06-01,2025-06-30 23:59:00,42652,"[1, 2, 3]",3,4,01.Process Log Sheet for Kiln-I,6277599,290501ed8db953ff07c006c966336b8c5515ba609cad3a72ed532a4ccf38642a,USE,
01.Process Log Sheet for Kiln-I/01.Process Log Sheet for Kiln-I (May).xlsx,/home/admin1/POPOS-DATA/Codebases/Dalmia/Dalmia/Dalmia/AI Automation(Kiln)/01.Process Log Sheet for Kiln-I/01.Process Log Sheet for Kiln-I (May).xlsx,Kiln-I,May,"[""2025-05""]",2025-05-01,2025-05-31 23:59:00,41760,"[1, 2, 3]",3,4,01.Process Log Sheet for Kiln-I,6764419,04637d9129c14576feadc755bd5d6e79124cad377da922521cffbe1e2b10ddac,USE,
01.Process Log Sheet for Kiln-I/01.Process Log Sheet for Kiln-I (Sep).xlsx,/home/admin1/POPOS-DATA/Codebases/Dalmia/Dalmia/Dalmia/AI Automation(Kiln)/01.Process Log Sheet for Kiln-I/01.Process Log Sheet for Kiln-I (Sep).xlsx,Kiln-I,Sep,,,,,,,,,34739715,01f4cada1dae3933c31c77034eac7e9b6270a6751ccb21caaa8ce16f0fde4a85,EXCLUDE_UNREADABLE,Truncated XLSX container; request re-export
01.Process Log Sheet for Kiln-I/01.Process Log Sheet for Kiln-I(April).xlsx,/home/admin1/POPOS-DATA/Codebases/Dalmia/Dalmia/Dalmia/AI Automation(Kiln)/01.Process Log Sheet for Kiln-I/01.Process Log Sheet for Kiln-I(April).xlsx,Kiln-I,April,"[""2025-04""]",2025-04-01,2025-04-30 23:59:00,43200,"[1, 2, 3]",3,4,01.Process Log Sheet for Kiln-I,6769804,3e1c524147b68068679ef9367a0cc6404bdab8bacadd1eb6deb2467c1bc74835,USE,
02.Process Log Sheet for Kiln-IA/02.Process Log Sheet for Kiln-IA (August).xlsx,/home/admin1/POPOS-DATA/Codebases/Dalmia/Dalmia/Dalmia/AI Automation(Kiln)/02.Process Log Sheet for Kiln-IA/02.Process Log Sheet for Kiln-IA (August).xlsx,Kiln-IA,August,"[""2025-08""]",2025-08-01,2025-08-31 23:59:00,44580,"[2, 3, 4]",4,5,02.Process Log Sheet for Kiln-I,3536715,a71a089e80e9f732c5f4773f854530b978b5c9bb2485c34ee0cd65385ee6c077,USE,
02.Process Log Sheet for Kiln-IA/02.Process Log Sheet for Kiln-IA (July).xlsx,/home/admin1/POPOS-DATA/Codebases/Dalmia/Dalmia/Dalmia/AI Automation(Kiln)/02.Process Log Sheet for Kiln-IA/02.Process Log Sheet for Kiln-IA (July).xlsx,Kiln-IA,July,"[""2025-07""]",2025-07-01,2025-07-31 23:59:00,44640,"[2, 3, 4]",4,5,02.Process Log Sheet for Kiln-I,4112105,c6f38e53f9d3f7bf01a27c440eb1ba93f0bcb847bcae30b7678dd7451022cc2d,USE,
02.Process Log Sheet for Kiln-IA/02.Process Log Sheet for Kiln-IA (June).xlsx,/home/admin1/POPOS-DATA/Codebases/Dalmia/Dalmia/Dalmia/AI Automation(Kiln)/02.Process Log Sheet for Kiln-IA/02.Process Log Sheet for Kiln-IA (June).xlsx,Kiln-IA,June,"[""2025-06""]",2025-06-01,2025-06-30 23:59:00,43200,"[2, 3, 4]",4,5,02.Process Log Sheet for Kiln-I,3954764,c26f00b70e1a05b4ff88429b2475ddbb53c4572f558b30bc66865b4c3e5ff3ed,USE,
02.Process Log Sheet for Kiln-IA/02.Process Log Sheet for Kiln-IA (May).xlsx,/home/admin1/POPOS-DATA/Codebases/Dalmia/Dalmia/Dalmia/AI Automation(Kiln)/02.Process Log Sheet for Kiln-IA/02.Process Log Sheet for Kiln-IA (May).xlsx,Kiln-IA,May,"[""2025-05""]",2025-05-01,2025-05-31 23:59:00,44640,"[2, 3, 4]",4,5,02.Process Log Sheet for Kiln-I,4285734,e3f26bbebfb074adc9aa5013b649371069b70bc1440bf675187efce3e89df3b7,USE,
02.Process Log Sheet for Kiln-IA/02.Process Log Sheet for Kiln-IA (Sep).xlsx,/home/admin1/POPOS-DATA/Codebases/Dalmia/Dalmia/Dalmia/AI Automation(Kiln)/02.Process Log Sheet for Kiln-IA/02.Process Log Sheet for Kiln-IA (Sep).xlsx,Kiln-IA,Sep,"[""2025-09""]",2025-09-01,2025-09-30 23:59:00,43200,"[2, 3, 4]",4,5,02.Process Log Sheet for Kiln-I,3308500,7cf1b5656ad3edbe2d0aa8d23065af937c40ce7c1370405a8ab74c34440490db,USE,
02.Process Log Sheet for Kiln-IA/02.Process Log Sheet for Kiln-IA(April).xlsx,/home/admin1/POPOS-DATA/Codebases/Dalmia/Dalmia/Dalmia/AI Automation(Kiln)/02.Process Log Sheet for Kiln-IA/02.Process Log Sheet for Kiln-IA(April).xlsx,Kiln-IA,April,"[""2025-04""]",2025-04-01,2025-04-30 23:59:00,43200,"[2, 3, 4]",4,5,02.Process Log Sheet for Kiln-I,4064738,7a7c9f199f4dcdb9451aa8db8f3b03217b0a4ae0d1c2825852abe6663d8b7601,USE,
03.Process Log Sheet for Kiln-II/03.Process Log Sheet for Kiln-II (August).xlsx,/home/admin1/POPOS-DATA/Codebases/Dalmia/Dalmia/Dalmia/AI Automation(Kiln)/03.Process Log Sheet for Kiln-II/03.Process Log Sheet for Kiln-II (August).xlsx,Kiln-II,August,"[""2025-08""]",2025-08-01,2025-08-31 23:59:00,44580,"[2, 3, 4]",4,5,03.Process Log Sheet for Kiln-I,3827101,dd64764eaad188232bfecc4627d10279c641b0d8dc20c926c0a3b2ee5b6edba1,USE,
03.Process Log Sheet for Kiln-II/03.Process Log Sheet for Kiln-II (July).xlsx,/home/admin1/POPOS-DATA/Codebases/Dalmia/Dalmia/Dalmia/AI Automation(Kiln)/03.Process Log Sheet for Kiln-II/03.Process Log Sheet for Kiln-II (July).xlsx,Kiln-II,July,"[""2025-07""]",2025-07-01,2025-07-31 23:59:00,44641,"[2, 3, 4]",4,5,03.Process Log Sheet for Kiln-I,4746488,05f905d47aef9570c7d0da548a5d9d13e476b52568e3c7520bfd99ba010e9ddf,USE,
03.Process Log Sheet for Kiln-II/03.Process Log Sheet for Kiln-II (June).xlsx,/home/admin1/POPOS-DATA/Codebases/Dalmia/Dalmia/Dalmia/AI Automation(Kiln)/03.Process Log Sheet for Kiln-II/03.Process Log Sheet for Kiln-II (June).xlsx,Kiln-II,June,"[""2025-06""]",2025-06-01,2025-06-30 23:59:00,43200,"[2, 3, 4]",4,5,03.Process Log Sheet for Kiln-I,4537054,75c8fe2e8cb20df53c4d4f64f98c127b8c493ab566abaf458c7753c49df00089,USE,
03.Process Log Sheet for Kiln-II/03.Process Log Sheet for Kiln-II (MAY).xlsx,/home/admin1/POPOS-DATA/Codebases/Dalmia/Dalmia/Dalmia/AI Automation(Kiln)/03.Process Log Sheet for Kiln-II/03.Process Log Sheet for Kiln-II (MAY).xlsx,Kiln-II,MAY,"[""2025-05""]",2025-05-01,2025-05-31 23:59:00,44640,"[2, 3, 4]",4,5,03.Process Log Sheet for Kiln-I,5041715,65000fc9abe4a2d6b9c2044e3828b5f24bdc12e8b82c904c55d5a06ae4153bda,USE,
03.Process Log Sheet for Kiln-II/03.Process Log Sheet for Kiln-II (September).xlsx,/home/admin1/POPOS-DATA/Codebases/Dalmia/Dalmia/Dalmia/AI Automation(Kiln)/03.Process Log Sheet for Kiln-II/03.Process Log Sheet for Kiln-II (September).xlsx,Kiln-II,September,"[""2025-09""]",2025-09-01,2025-09-30 23:59:00,43200,"[2, 3, 4]",4,5,03.Process Log Sheet for Kiln-I,3809820,b135b4d0a28bec53e5548edafb3c21e4e67e8e284e5771f4239444388eff7505,USE,
03.Process Log Sheet for Kiln-II/03.Process Log Sheet for Kiln-II (april).xlsx,/home/admin1/POPOS-DATA/Codebases/Dalmia/Dalmia/Dalmia/AI Automation(Kiln)/03.Process Log Sheet for Kiln-II/03.Process Log Sheet for Kiln-II (april).xlsx,Kiln-II,april,"[""2025-04""]",2025-04-01,2025-04-30 23:59:00,43200,"[2, 3, 4]",4,5,03.Process Log Sheet for Kiln-I,4671155,500dd42212cc707c432a03cb06e071d049078bc5be50606fbe9a1234aea034c5,USE,
04.Process Log Sheet for Kiln-III/04.Process Log Sheet for Kiln-III (Aug).xlsx,/home/admin1/POPOS-DATA/Codebases/Dalmia/Dalmia/Dalmia/AI Automation(Kiln)/04.Process Log Sheet for Kiln-III/04.Process Log Sheet for Kiln-III (Aug).xlsx,Kiln-III,Aug,"[""2025-08""]",2025-08-01,2025-08-31 23:59:00,44580,"[2, 3, 4]",4,5,04.Process Log Sheet for Kiln-I,4400068,9860c345b7ddf0550452f6fed561edeb25ba1fba4454ce7cd37a596696bd1cd2,USE,
04.Process Log Sheet for Kiln-III/04.Process Log Sheet for Kiln-III (July).xlsx,/home/admin1/POPOS-DATA/Codebases/Dalmia/Dalmia/Dalmia/AI Automation(Kiln)/04.Process Log Sheet for Kiln-III/04.Process Log Sheet for Kiln-III (July).xlsx,Kiln-III,July,"[""2025-07""]",2025-07-01,2025-07-31 23:59:00,44640,"[2, 3, 4]",4,5,04.Process Log Sheet for Kiln-I,4949724,f16834c2e0022a08caae586fcaa3ef99b710a4a17abeb5251dd5e9a33fd86b04,USE,
04.Process Log Sheet for Kiln-III/04.Process Log Sheet for Kiln-III (June).xlsx,/home/admin1/POPOS-DATA/Codebases/Dalmia/Dalmia/Dalmia/AI Automation(Kiln)/04.Process Log Sheet for Kiln-III/04.Process Log Sheet for Kiln-III (June).xlsx,Kiln-III,June,"[""2025-06""]",2025-06-01,2025-06-30 23:59:00,43200,"[2, 3, 4]",4,5,04.Process Log Sheet for Kiln-I,4714895,6876f52898016d4781606780957c165ef30aa879caa6e95e5decc6e26bcc7dcc,USE,
04.Process Log Sheet for Kiln-III/04.Process Log Sheet for Kiln-III (Sep).xlsx,/home/admin1/POPOS-DATA/Codebases/Dalmia/Dalmia/Dalmia/AI Automation(Kiln)/04.Process Log Sheet for Kiln-III/04.Process Log Sheet for Kiln-III (Sep).xlsx,Kiln-III,Sep,"[""2025-09""]",2025-09-01,2025-09-30 23:59:00,43200,"[2, 3, 4]",4,5,04.Process Log Sheet for Kiln-I,3900346,09ca9320b918d26a271e53cb416bf39285f6366128103c537ba954faee465faf,USE,
04.Process Log Sheet for Kiln-III/04.Process Log Sheet for Kiln-III (april).xlsx,/home/admin1/POPOS-DATA/Codebases/Dalmia/Dalmia/Dalmia/AI Automation(Kiln)/04.Process Log Sheet for Kiln-III/04.Process Log Sheet for Kiln-III (april).xlsx,Kiln-III,april,"[""2025-04""]",2025-04-01,2025-04-30 23:59:00,43200,"[2, 3, 4]",4,5,04.Process Log Sheet for Kiln-I,4791513,27badc08981f6f66172d5586ec76d8b08d1d09467ad5ad2dd7729312996f9bc5,USE,
04.Process Log Sheet for Kiln-III/04.Process Log Sheet for Kiln-III(May).xlsx,/home/admin1/POPOS-DATA/Codebases/Dalmia/Dalmia/Dalmia/AI Automation(Kiln)/04.Process Log Sheet for Kiln-III/04.Process Log Sheet for Kiln-III(May).xlsx,Kiln-III,May,"[""2025-05""]",2025-05-01,2025-05-31 23:59:00,44640,"[2, 3, 4]",4,5,04.Process Log Sheet for Kiln-I,5242332,40b25d76f14615f8f814110d80364d86b811a104a6c70ae53bb5422b8409775c,USE,
05.Process Log Sheet for Kiln-IIIA/05.Process Log Sheet for Kiln-IIIA (August).xlsx,/home/admin1/POPOS-DATA/Codebases/Dalmia/Dalmia/Dalmia/AI Automation(Kiln)/05.Process Log Sheet for Kiln-IIIA/05.Process Log Sheet for Kiln-IIIA (August).xlsx,Kiln-IIIA,August,"[""2025-08""]",2025-08-01,2025-08-31 23:59:00,43553,"[2, 3, 4]",4,5,05.Process Log Sheet for Kiln-I,4622485,5795be3d091fa2e1297a7a638ce89dad4e331c8b36f348d25a918d4c95fb8963,USE,
05.Process Log Sheet for Kiln-IIIA/05.Process Log Sheet for Kiln-IIIA (July).xlsx,/home/admin1/POPOS-DATA/Codebases/Dalmia/Dalmia/Dalmia/AI Automation(Kiln)/05.Process Log Sheet for Kiln-IIIA/05.Process Log Sheet for Kiln-IIIA (July).xlsx,Kiln-IIIA,July,"[""2025-07""]",2025-07-01,2025-07-31 23:59:00,44640,"[2, 3, 4]",4,5,05.Process Log Sheet for Kiln-I,5172396,e7b336501967b2c8932a30e10346ec99d9255f141e975d581919dc5c4cf02aa0,USE,
05.Process Log Sheet for Kiln-IIIA/05.Process Log Sheet for Kiln-IIIA (June).xlsx,/home/admin1/POPOS-DATA/Codebases/Dalmia/Dalmia/Dalmia/AI Automation(Kiln)/05.Process Log Sheet for Kiln-IIIA/05.Process Log Sheet for Kiln-IIIA (June).xlsx,Kiln-IIIA,June,"[""2025-06""]",2025-06-01,2025-06-30 23:59:00,43200,"[2, 3, 4]",4,5,05.Process Log Sheet for Kiln-I,4865265,e7783da4240454338f37af71e61cdf69767985e58240d3a64a6b89208fc0ee6c,USE,
05.Process Log Sheet for Kiln-IIIA/05.Process Log Sheet for Kiln-IIIA (Sep).xlsx,/home/admin1/POPOS-DATA/Codebases/Dalmia/Dalmia/Dalmia/AI Automation(Kiln)/05.Process Log Sheet for Kiln-IIIA/05.Process Log Sheet for Kiln-IIIA (Sep).xlsx,Kiln-IIIA,Sep,"[""2025-09""]",2025-09-01,2025-09-30 23:59:00,43200,"[2, 3, 4]",4,5,05.Process Log Sheet for Kiln-I,4443814,c17a1e38242340201d12b93d8c59815f2ce6dc9d383e0d604395c3f83113d17c,USE,
05.Process Log Sheet for Kiln-IIIA/05.Process Log Sheet for Kiln-IIIA(April).xlsx,/home/admin1/POPOS-DATA/Codebases/Dalmia/Dalmia/Dalmia/AI Automation(Kiln)/05.Process Log Sheet for Kiln-IIIA/05.Process Log Sheet for Kiln-IIIA(April).xlsx,Kiln-IIIA,April,"[""2025-05""]",2025-05-01,2025-05-31 23:59:00,44640,"[2, 3, 4]",4,5,05.Process Log Sheet for Kiln-I,5494980,06be65dbdd94783052851cab160af0532bd57fe90b996fd3721f7cb017a6289c,EXCLUDE_DUPLICATE_CONTENT,Contains another month's data (identical to that month's file); filename month is absent
05.Process Log Sheet for Kiln-IIIA/05.Process Log Sheet for Kiln-IIIA(May).xlsx,/home/admin1/POPOS-DATA/Codebases/Dalmia/Dalmia/Dalmia/AI Automation(Kiln)/05.Process Log Sheet for Kiln-IIIA/05.Process Log Sheet for Kiln-IIIA(May).xlsx,Kiln-IIIA,May,"[""2025-05""]",2025-05-01,2025-05-31 23:59:00,44640,"[2, 3, 4]",4,5,05.Process Log Sheet for Kiln-I,5491774,5bf5a8498c431a2eba81409e2b6b0eb78b6da1090796d49c86e88823f8335098,USE,
06.Process Log Sheet for Kiln-IIIB/06.Process Log Sheet for Kiln-IIIB (Sep).xlsx,/home/admin1/POPOS-DATA/Codebases/Dalmia/Dalmia/Dalmia/AI Automation(Kiln)/06.Process Log Sheet for Kiln-IIIB/06.Process Log Sheet for Kiln-IIIB (Sep).xlsx,Kiln-IIIB,Sep,"[""2025-09""]",2025-09-01,2025-09-30 23:59:00,43221,"[2, 3, 4]",4,5,06.Process Log Sheet for Kiln-I,4162303,489d0cdac689c44b99cf09bf96eb89f152d1691883881b827b2ee798bf511ee6,USE,
06.Process Log Sheet for Kiln-IIIB/06.Process Log Sheet for Kiln-IIIB(April).xlsx,/home/admin1/POPOS-DATA/Codebases/Dalmia/Dalmia/Dalmia/AI Automation(Kiln)/06.Process Log Sheet for Kiln-IIIB/06.Process Log Sheet for Kiln-IIIB(April).xlsx,Kiln-IIIB,April,"[""2025-04""]",2025-04-01,2025-04-30 23:59:00,43200,"[2, 3, 4]",4,5,06.Process Log Sheet for Kiln-I,5039485,f0cd961608e7747a0c89d15839e6e92825cae0b1627da0286f3a7043d4195d0a,USE,
06.Process Log Sheet for Kiln-IIIB/06.Process Log Sheet for Kiln-IIIB(Aug).xlsx,/home/admin1/POPOS-DATA/Codebases/Dalmia/Dalmia/Dalmia/AI Automation(Kiln)/06.Process Log Sheet for Kiln-IIIB/06.Process Log Sheet for Kiln-IIIB(Aug).xlsx,Kiln-IIIB,Aug,"[""2025-08""]",2025-08-01,2025-08-31 23:59:00,44601,"[2, 3, 4]",4,5,06.Process Log Sheet for Kiln-I,4441916,644775e1fe899f55bfcca57cc256683f6b0da1e2702b1e483e044a55bcf4f7bc,USE,
06.Process Log Sheet for Kiln-IIIB/06.Process Log Sheet for Kiln-IIIB(July).xlsx,/home/admin1/POPOS-DATA/Codebases/Dalmia/Dalmia/Dalmia/AI Automation(Kiln)/06.Process Log Sheet for Kiln-IIIB/06.Process Log Sheet for Kiln-IIIB(July).xlsx,Kiln-IIIB,July,"[""2025-07""]",2025-07-01,2025-07-31 23:59:00,44640,"[2, 3, 4]",4,5,06.Process Log Sheet for Kiln-I,5032450,4e8a25e65165cb2aa99cb9fffacb5a437f05ededaec5c83158b11befe8a8052b,USE,
06.Process Log Sheet for Kiln-IIIB/06.Process Log Sheet for Kiln-IIIB(June).xlsx,/home/admin1/POPOS-DATA/Codebases/Dalmia/Dalmia/Dalmia/AI Automation(Kiln)/06.Process Log Sheet for Kiln-IIIB/06.Process Log Sheet for Kiln-IIIB(June).xlsx,Kiln-IIIB,June,"[""2025-06""]",2025-06-01,2025-06-30 23:59:00,44459,"[2, 3, 4]",4,5,06.Process Log Sheet for Kiln-I,4950859,bf61264e59d5b4c67c10eea99e033160d0fd7d71eda7dea024ddcaed58f91e13,USE,
06.Process Log Sheet for Kiln-IIIB/06.Process Log Sheet for Kiln-IIIB(May).xlsx,/home/admin1/POPOS-DATA/Codebases/Dalmia/Dalmia/Dalmia/AI Automation(Kiln)/06.Process Log Sheet for Kiln-IIIB/06.Process Log Sheet for Kiln-IIIB(May).xlsx,Kiln-IIIB,May,"[""2025-05""]",2025-05-01,2025-05-31 23:59:00,44688,"[2, 3, 4]",4,5,06.Process Log Sheet for Kiln-I,5314623,a7e692e7a0e7ad5b7883352c1906d638856c89d4a2e9867c524b92ef05cf0e14,USE,
08.Process Log Sheet for CBS-I/08.Process Log Sheet for CBS-I (Aug).xlsx,/home/admin1/POPOS-DATA/Codebases/Dalmia/Dalmia/Dalmia/AI Automation(Kiln)/08.Process Log Sheet for CBS-I/08.Process Log Sheet for CBS-I (Aug).xlsx,CBS-I,Aug,"[""2025-08""]",2025-08-01,2025-08-31 23:59:00,44580,"[1, 2, 3]",3,4,08.Process Log Sheet for CBS-I ,4979007,29df14259fe863b2a27e928c3952b2df6341ebb3889ad32781494abc626d7e1b,USE,
08.Process Log Sheet for CBS-I/08.Process Log Sheet for CBS-I (July).xlsx,/home/admin1/POPOS-DATA/Codebases/Dalmia/Dalmia/Dalmia/AI Automation(Kiln)/08.Process Log Sheet for CBS-I/08.Process Log Sheet for CBS-I (July).xlsx,CBS-I,July,"[""2025-07""]",2025-07-01,2025-07-31 23:59:00,44640,"[1, 2, 3]",3,4,08.Process Log Sheet for CBS-I ,5639601,7037938c8f27268d9bbec5a7e8cfb7f77fe80a4b3d4997d30f7e0c12280309b7,USE,
08.Process Log Sheet for CBS-I/08.Process Log Sheet for CBS-I (June).xlsx,/home/admin1/POPOS-DATA/Codebases/Dalmia/Dalmia/Dalmia/AI Automation(Kiln)/08.Process Log Sheet for CBS-I/08.Process Log Sheet for CBS-I (June).xlsx,CBS-I,June,"[""2025-06""]",2025-06-01,2025-06-30 23:58:00,43199,"[1, 2, 3]",3,4,08.Process Log Sheet for CBS-I ,5390418,1570e51e21b313f2fe635d0ae4e6e26d6dbcbba57369212341fa033de9ea991e,USE,
08.Process Log Sheet for CBS-I/08.Process Log Sheet for CBS-I (Sep).xlsx,/home/admin1/POPOS-DATA/Codebases/Dalmia/Dalmia/Dalmia/AI Automation(Kiln)/08.Process Log Sheet for CBS-I/08.Process Log Sheet for CBS-I (Sep).xlsx,CBS-I,Sep,"[""2025-09""]",2025-09-01,2025-09-30 23:59:00,43200,"[1, 2, 3]",3,4,08.Process Log Sheet for CBS-I ,4757732,70d2c2276760bd9396a81e9496e021c7482e20bdc9c7c95e4512d2046c092156,USE,
08.Process Log Sheet for CBS-I/08.Process Log Sheet for CBS-I(April).xlsx,/home/admin1/POPOS-DATA/Codebases/Dalmia/Dalmia/Dalmia/AI Automation(Kiln)/08.Process Log Sheet for CBS-I/08.Process Log Sheet for CBS-I(April).xlsx,CBS-I,April,"[""2025-04""]",2025-04-01,2025-04-30 23:59:00,43200,"[1, 2, 3]",3,4,08.Process Log Sheet for CBS-I(,5833516,c24aac4f9c46c52d31f6bf28f587d5b5b4f8cbabb7e5c77f56d0b9dc5f8f4508,USE,
08.Process Log Sheet for CBS-I/08.Process Log Sheet for CBS-I(May).xlsx,/home/admin1/POPOS-DATA/Codebases/Dalmia/Dalmia/Dalmia/AI Automation(Kiln)/08.Process Log Sheet for CBS-I/08.Process Log Sheet for CBS-I(May).xlsx,CBS-I,May,"[""2025-05""]",2025-05-01,2025-05-31 23:59:00,44637,"[1, 2, 3]",3,4,08.Process Log Sheet for CBS-I ,6238129,7932b086230b5051457031d0a1c9f67cbc0b83646a613d8bd89188166fccccfa,USE,
09.Process Log Sheet for CBS-II/09.Process Log Sheet for CBS-II (August).xlsx,/home/admin1/POPOS-DATA/Codebases/Dalmia/Dalmia/Dalmia/AI Automation(Kiln)/09.Process Log Sheet for CBS-II/09.Process Log Sheet for CBS-II (August).xlsx,CBS-II,August,"[""2025-08""]",2025-08-01,2025-08-31 23:59:00,44580,"[1, 2, 3]",3,4,09.Process Log Sheet for CBS-II,2012772,46c386fd9cb9b2fe5a76d98b151ba33ebfafd8edf3ab44f939e4cd8572db5f94,USE,
09.Process Log Sheet for CBS-II/09.Process Log Sheet for CBS-II (July).xlsx,/home/admin1/POPOS-DATA/Codebases/Dalmia/Dalmia/Dalmia/AI Automation(Kiln)/09.Process Log Sheet for CBS-II/09.Process Log Sheet for CBS-II (July).xlsx,CBS-II,July,"[""2025-07""]",2025-07-01,2025-07-31 23:59:00,44640,"[1, 2, 3]",3,4,09.Process Log Sheet for CBS-II,2086986,fbe87e45eb81d32c443e620d9dc6b1a6fc0f3d4e887b3453861ea44cd96b9a2a,USE,
09.Process Log Sheet for CBS-II/09.Process Log Sheet for CBS-II (May).xlsx,/home/admin1/POPOS-DATA/Codebases/Dalmia/Dalmia/Dalmia/AI Automation(Kiln)/09.Process Log Sheet for CBS-II/09.Process Log Sheet for CBS-II (May).xlsx,CBS-II,May,"[""2025-05""]",2025-05-01,2025-05-31 23:59:00,44640,"[1, 2, 3]",3,4,09.Process Log Sheet for CBS-II,2084448,3cfc674ab8247fc7c7062c5d1a40f58b88901bc30eb9748b7614c5351fe99db2,USE,
09.Process Log Sheet for CBS-II/09.Process Log Sheet for CBS-II (Sep).xlsx,/home/admin1/POPOS-DATA/Codebases/Dalmia/Dalmia/Dalmia/AI Automation(Kiln)/09.Process Log Sheet for CBS-II/09.Process Log Sheet for CBS-II (Sep).xlsx,CBS-II,Sep,"[""2025-09""]",2025-09-01,2025-09-30 23:59:00,44640,"[1, 2, 3]",3,4,09.Process Log Sheet for CBS-II,1997813,86a1f2ed9115addc4cdd5c4900210d6f7c18e6e4ae1f0194b8ab18063b313928,USE,
09.Process Log Sheet for CBS-II/09.Process Log Sheet for CBS-II June.xlsx,/home/admin1/POPOS-DATA/Codebases/Dalmia/Dalmia/Dalmia/AI Automation(Kiln)/09.Process Log Sheet for CBS-II/09.Process Log Sheet for CBS-II June.xlsx,CBS-II,June,"[""2025-06""]",2025-06-01,2025-06-30 23:59:00,29040,"[1, 2, 3]",3,4,09.Process Log Sheet for CBS-II,1374877,d57671475330ee8b0f7aa9b3c859c9733f8a52040284636d3f2cddaff8c9f866,USE,
09.Process Log Sheet for CBS-II/09.Process Log Sheet for CBS-II(april).xlsx,/home/admin1/POPOS-DATA/Codebases/Dalmia/Dalmia/Dalmia/AI Automation(Kiln)/09.Process Log Sheet for CBS-II/09.Process Log Sheet for CBS-II(april).xlsx,CBS-II,april,"[""2025-04""]",2025-04-01,2025-04-30 23:59:00,44501,"[1, 2, 3]",3,4,09.Process Log Sheet for CBS-II,2209268,74d49c644b770e0a1c02b04501f6f0dfd0f71195b72ad09263e81630007bad9a,USE,
10.Process Log Sheet for CBS-Calculation/10.Process Log Sheet for CBS-Calculation (August).xlsx,/home/admin1/POPOS-DATA/Codebases/Dalmia/Dalmia/Dalmia/AI Automation(Kiln)/10.Process Log Sheet for CBS-Calculation/10.Process Log Sheet for CBS-Calculation (August).xlsx,CBS-Calculation,August,"[""2025-08""]",2025-08-01,2025-08-31 23:59:00,44580,"[1, 2]",2,3,10.Process Log Sheet for CBS-Ca,2197876,c24d149080e63a33a3a761714cd6916ebdc57d5ffe0a215d9a05c6883ef56a66,USE,
10.Process Log Sheet for CBS-Calculation/10.Process Log Sheet for CBS-Calculation (July).xlsx,/home/admin1/POPOS-DATA/Codebases/Dalmia/Dalmia/Dalmia/AI Automation(Kiln)/10.Process Log Sheet for CBS-Calculation/10.Process Log Sheet for CBS-Calculation (July).xlsx,CBS-Calculation,July,"[""2025-07""]",2025-07-01,2025-07-30 23:59:00,43240,"[1, 2]",2,3,10.Process Log Sheet for CBS-Ca,2154855,f335cca7703a56cf49d5f73e4c629c5da49cab3dd42ef7bd04cb21f5c172a9c0,USE,
10.Process Log Sheet for CBS-Calculation/10.Process Log Sheet for CBS-Calculation (June).xlsx,/home/admin1/POPOS-DATA/Codebases/Dalmia/Dalmia/Dalmia/AI Automation(Kiln)/10.Process Log Sheet for CBS-Calculation/10.Process Log Sheet for CBS-Calculation (June).xlsx,CBS-Calculation,June,"[""2025-06""]",2025-06-01,2025-06-30 23:59:00,43200,"[1, 2]",2,3,10.Process Log Sheet for CBS-Ca,2106366,aeda27356a6863f07660efefff6371e18f75b252f965a365e4fabb3e8a931b4e,USE,
10.Process Log Sheet for CBS-Calculation/10.Process Log Sheet for CBS-Calculation (May).xlsx,/home/admin1/POPOS-DATA/Codebases/Dalmia/Dalmia/Dalmia/AI Automation(Kiln)/10.Process Log Sheet for CBS-Calculation/10.Process Log Sheet for CBS-Calculation (May).xlsx,CBS-Calculation,May,"[""2025-05""]",2025-05-01,2025-05-31 23:59:00,44640,"[1, 2]",2,3,10.Process Log Sheet for CBS-Ca,2256353,7bffd4e1c647e812aa05b1a063a8b66b3f4867239b72a955cf2b9d24349ad35e,USE,
10.Process Log Sheet for CBS-Calculation/10.Process Log Sheet for CBS-Calculation (September).xlsx,/home/admin1/POPOS-DATA/Codebases/Dalmia/Dalmia/Dalmia/AI Automation(Kiln)/10.Process Log Sheet for CBS-Calculation/10.Process Log Sheet for CBS-Calculation (September).xlsx,CBS-Calculation,September,"[""2025-09""]",2025-09-01,2025-09-30 23:59:00,43200,"[1, 2]",2,3,10.Process Log Sheet for CBS-Ca,2057147,6b1214385fe67dc6ca1b48137b104894fd9f02b65ea2b6d60c4979f40bfc7c75,USE,
10.Process Log Sheet for CBS-Calculation/10.Process Log Sheet for CBS-Calculation(april).xlsx,/home/admin1/POPOS-DATA/Codebases/Dalmia/Dalmia/Dalmia/AI Automation(Kiln)/10.Process Log Sheet for CBS-Calculation/10.Process Log Sheet for CBS-Calculation(april).xlsx,CBS-Calculation,april,"[""2025-04""]",2025-04-01,2025-04-30 23:59:00,43200,"[1, 2]",2,3,10.Process Log Sheet for CBS-Ca,2180932,3559c87947c6e75a75fc945c5550acf1c7d7c322da48731f1f777d02b42fe2be,USE,
11.Process Log Sheet for IKN Cooler-I/11.Process Log Sheet for IKN Cooler-I (April).xlsx,/home/admin1/POPOS-DATA/Codebases/Dalmia/Dalmia/Dalmia/AI Automation(Kiln)/11.Process Log Sheet for IKN Cooler-I/11.Process Log Sheet for IKN Cooler-I (April).xlsx,IKN Cooler-I,April,"[""2025-04""]",2025-04-01,2025-04-30 23:59:00,43201,"[1, 2, 3]",3,4,11.Process Log Sheet for IKN Co,2769979,8234f49488b11c0c13596a1bac8f4fd6cb953c6bfc13d2817fd229aedc54d5ad,USE,
11.Process Log Sheet for IKN Cooler-I/11.Process Log Sheet for IKN Cooler-I (Aug).xlsx,/home/admin1/POPOS-DATA/Codebases/Dalmia/Dalmia/Dalmia/AI Automation(Kiln)/11.Process Log Sheet for IKN Cooler-I/11.Process Log Sheet for IKN Cooler-I (Aug).xlsx,IKN Cooler-I,Aug,"[""2025-08""]",2025-08-01,2025-08-31 23:59:00,44580,"[1, 2, 3]",3,4,11.Process Log Sheet for IKN Co,2475664,8535692085ed190b395bc56b995fa546787cfee3066b6c8226537217ef2490ee,USE,
11.Process Log Sheet for IKN Cooler-I/11.Process Log Sheet for IKN Cooler-I (July).xlsx,/home/admin1/POPOS-DATA/Codebases/Dalmia/Dalmia/Dalmia/AI Automation(Kiln)/11.Process Log Sheet for IKN Cooler-I/11.Process Log Sheet for IKN Cooler-I (July).xlsx,IKN Cooler-I,July,"[""2025-07""]",2025-07-01,2025-07-31 23:59:00,44640,"[1, 2, 3]",3,4,11.Process Log Sheet for IKN Co,2809297,20d8694b2b553f19b9050d3d4a225827e7ea09791d74df97c7f7d9436a54fb0e,USE,
11.Process Log Sheet for IKN Cooler-I/11.Process Log Sheet for IKN Cooler-I (June).xlsx,/home/admin1/POPOS-DATA/Codebases/Dalmia/Dalmia/Dalmia/AI Automation(Kiln)/11.Process Log Sheet for IKN Cooler-I/11.Process Log Sheet for IKN Cooler-I (June).xlsx,IKN Cooler-I,June,"[""2025-06""]",2025-06-01,2025-06-30 23:59:00,43200,"[1, 2, 3]",3,4,11.Process Log Sheet for IKN Co,2725000,a6c6a3c906f73bfb9486e770c14b4800739886b3574bad5977227051aea40f25,USE,
11.Process Log Sheet for IKN Cooler-I/11.Process Log Sheet for IKN Cooler-I (May).xlsx,/home/admin1/POPOS-DATA/Codebases/Dalmia/Dalmia/Dalmia/AI Automation(Kiln)/11.Process Log Sheet for IKN Cooler-I/11.Process Log Sheet for IKN Cooler-I (May).xlsx,IKN Cooler-I,May,"[""2025-05""]",2025-05-01,2025-05-30 23:59:00,43200,"[1, 2, 3]",3,4,11.Process Log Sheet for IKN Co,2885616,4e14bfc239ce778ffa551cafb28de6a0ac3e62add1e57cd68c01495318f95e9e,USE,
11.Process Log Sheet for IKN Cooler-I/11.Process Log Sheet for IKN Cooler-I (Sep).xlsx,/home/admin1/POPOS-DATA/Codebases/Dalmia/Dalmia/Dalmia/AI Automation(Kiln)/11.Process Log Sheet for IKN Cooler-I/11.Process Log Sheet for IKN Cooler-I (Sep).xlsx,IKN Cooler-I,Sep,"[""2025-09""]",2025-09-01,2025-09-30 23:59:00,43200,"[1, 2, 3]",3,4,11.Process Log Sheet for IKN Co,2344574,9a107e84c851799f1a5b389b57e0422c1272a0121cf72518194b013daa1b11f7,USE,
